{"is_source_file": true, "format": "bash", "description": "A script that automates the restoration of various databases (SQLite, PostgreSQL, MySQL, MongoDB) based on the presence of specific backup files and database server availability.", "external_files": ["database_backup.db", "database_backup.sql", "database_backup.archive"], "external_methods": ["ls", "cp", "sudo -u postgres pg_isready", "psql", "mysqladmin", "mysql", "mongosh", "mongorestore"], "published": [], "classes": [], "methods": [], "calls": ["ls", "cp", "sudo -u postgres pg_isready", "psql", "mysqladmin ping", "mysql -h", "mysql -U", "mysql --socket", "sudo mysql --socket", "mongosh --eval", "mongorestore --archive"], "search-terms": ["restore_db", "database_restore", "backup detection", "SQLite restore", "PostgreSQL restore", "MySQL restore", "MongoDB restore", "backup files"], "state": 2, "file_id": 7, "knowledge_revision": 12, "git_revision": "7f72467d2af982bb1c7ceabe7bf647c852764a88", "hash": "67505395c0df4c9c001ab8f47571f3fb", "format-version": 4, "code-base-name": "database", "filename": "database/restore_db.sh", "revision_history": [{"12": "7f72467d2af982bb1c7ceabe7bf647c852764a88"}]}