{"is_source_file": true, "format": "bash", "description": "This is a shell script for initializing and starting a PostgreSQL database server, including setup of users, permissions, and environment configuration.", "external_files": ["/usr/lib/postgresql/", "/var/lib/postgresql/data", "db_connection.txt", "db_visualizer/postgres.env"], "external_methods": ["ls", "sudo", "pg_isready", "pgrep", "psql", "initdb", "createdb"], "published": ["db_connection.txt", "db_visualizer/postgres.env"], "classes": [], "methods": [], "calls": ["ls", "sudo -u postgres pg_isready", "sudo -u postgres psql", "sudo -u postgres initdb", "sudo -u postgres createdb", "sleep"], "search-terms": ["PostgreSQL", "startup script", "database initialization", "permissions setup", "shell script"], "state": 2, "file_id": 5, "knowledge_revision": 11, "git_revision": "7f72467d2af982bb1c7ceabe7bf647c852764a88", "hash": "fa2aa67ea0a7c72f7c0958282f15a864", "format-version": 4, "code-base-name": "database", "filename": "database/startup.sh", "revision_history": [{"11": "7f72467d2af982bb1c7ceabe7bf647c852764a88"}]}