{"is_source_file": true, "format": "bash", "description": "This script performs automated backups for various database systems (SQLite, PostgreSQL, MySQL, MongoDB), detecting the running database and executing the appropriate backup commands.", "external_files": ["/usr/lib/postgresql/", "/usr/lib/postgresql/${PG_VERSION}/bin", "/var/run/mysqld/mysqld.sock"], "external_methods": ["mysqladmin", "mysql", "mysqldump", "mongosh", "mongodump"], "published": [], "classes": [], "methods": [], "calls": ["ls", "echo", "cp", "ls", "sudo -u postgres pg_isready", "sudo mysqladmin ping", "mysqladmin ping", "mysql", "mysqldump", "sudo mysql", "sudo mysqldump", "mongosh", "mongodump"], "search-terms": ["backup", "database detection", "SQLite", "PostgreSQL", "MySQL", "MongoDB", "shell script", "database backup"], "state": 2, "file_id": 6, "knowledge_revision": 13, "git_revision": "7f72467d2af982bb1c7ceabe7bf647c852764a88", "hash": "7af9aa35fa4940f934d83f6e2621b732", "format-version": 4, "code-base-name": "database", "filename": "database/backup_db.sh", "revision_history": [{"13": "7f72467d2af982bb1c7ceabe7bf647c852764a88"}]}