{"is_source_file": true, "format": "HTML", "description": "A complete HTML frontend for a Database Viewer application, including UI layout, styling, and JavaScript logic for interacting with backend APIs to load databases, tables, and display table data dynamically.", "external_files": ["/api/databases", "/api/{db}/tables", "/api/{db}/tables/{table}/data"], "external_methods": ["fetchData", "loadDatabases", "refreshDatabases", "toggleDatabase", "loadTables", "loadTableData", "renderTable", "renderCell", "expandCell"], "published": [], "classes": [], "methods": [{"name": "loadDatabases", "description": "Fetches the list of databases from the backend API and populates the sidebar."}, {"name": "refreshDatabases", "description": "Refreshes the list of databases and resets the display area."}, {"name": "toggleDatabase", "description": "Toggles display of tables within a selected database."}, {"name": "loadTables", "description": "Fetches the list of tables for a selected database."}, {"name": "loadTableData", "description": "Fetches and displays data for a selected table."}, {"name": "renderTable", "description": "Renders data fetched from the backend into an HTML table with interactive cells."}, {"name": "renderCell", "description": "Renders individual table cell content, handling objects, long strings, and nulls."}, {"name": "expandCell", "description": "Expands or collapses cell content when clicked, supporting nested objects and long text."}], "calls": ["fetch", "loadDatabases", "loadTables", "loadTableData", "renderTable", "expandCell"], "search-terms": ["HTML Database Viewer frontend", "JavaScript data table rendering", "API database listing", "interactive table cells", "dynamic data loading", "responsive UI"], "state": 2, "file_id": 3, "knowledge_revision": 14, "git_revision": "7f72467d2af982bb1c7ceabe7bf647c852764a88", "hash": "ee63333a4841bf025439c755a74c9881", "format-version": 4, "code-base-name": "database", "filename": "database/db_visualizer/public/index.html", "revision_history": [{"14": "7f72467d2af982bb1c7ceabe7bf647c852764a88"}]}